,Dust attenuation value,Age (Gyr),Log10(Mass/Mass_Sun),Tau (Gyr)
0,0.1648691903421710,0.2032911081660820,7.885366660500210,0.0330354477246532
1,0.2008517572931340,0.4702480533753310,8.297677735406540,0.0871459775662365
2,0.19786299417290600,4.033993194275280,8.184614779714330,1.2739737806583300
3,0.001,0.7216364022206550,8.36011019137045,0.2425883215430400
4,0.001,0.6994639566523550,8.373326782804570,0.5106830458053310
5,0.08059182449752020,0.8265444287294270,7.629000986652260,0.6060364290600060
6,0.4488191139005980,4.5293594528719800,10.993512669618200,0.6579691106823900
7,0.001,0.3981584007117890,7.565025588307170,0.08957940934760400
8,0.7598801007501800,0.7151506232289460,9.535678814103540,1.0226443013904000
9,0.5421368754818960,0.4082256848043900,8.290803195318120,8.622035548936560
10,0.001,3.9912821969369700,8.095127823175760,1.9137152251379200
11,0.001,0.2540591649973680,7.977726295022080,0.10497383884862300
12,0.1496828406898800,0.38720704121299600,8.580421182203520,0.14988660353936500
13,0.06734090809871090,0.6604782432029590,8.29021278831279,0.4018216912906010
14,0.021387970727951900,0.17918517942967400,7.5050030154061500,0.7989655630139390
15,0.06231830804775270,0.10995177361995000,7.452544667776010,0.018187704809690000
16,0.5364141901723020,0.08367746881107470,9.3296145668632,0.028059519146752900
17,0.001,0.5317102334820480,8.143469117967830,0.4441444193574780
18,0.12045045021922300,1.0512810189573600,8.036798621101120,0.371374257957743
19,0.14692303099362400,0.5590167599684700,7.914209178471170,0.14947774844554900
20,0.11184457273461600,1.0276707091584800,8.746104478528490,1.2482332284959100
21,0.6156284473732840,1.3031837475223800,9.584178751622300,1.1175227470934000
22,0.03667933131736740,0.11580784674620900,7.3147022183547100,0.017195471422045000
23,0.20083671055312300,0.07880241622106040,7.396342776556810,0.01676536708544950
24,0.027468747432541000,0.21882764771198200,8.640863682189290,0.07999113189126000
25,0.9179741334469990,0.5880904744956540,8.994206312516370,0.8331645257032560
26,0.001,0.5512681257098740,7.464687760638810,0.1442464320904800
27,0.001,0.46585186281358200,7.761070129131670,0.1131173343618720
28,0.6433002628712390,1.9758216693051800,10.491762603004700,0.3122854517230830
29,0.10029978807981900,0.5813173196684770,8.263955578565730,0.22107348986056400
30,0.12255071392489500,0.9584821767588680,8.590689580361410,0.5358532350833650
31,0.2499109116097010,1.196421565924720,8.643371542270530,0.6987868165027740
32,0.001,0.4863710555571170,7.700011286854750,0.16642601427018800
33,0.001,0.5082273882663090,8.061049598602910,0.28578235210216900
34,0.001,0.5918727260620770,7.152665106657330,0.3275243437559210
35,1.0476591127510400,0.3930287127453110,9.762821358482870,0.12126922903284600
36,0.7955276725889140,0.41706543630904000,8.947052598533020,0.7875981983626640
37,0.09773806560495690,0.9676306636878600,9.578560868184000,0.3573512202821470
38,0.016122967209459200,1.287655694448810,8.35165944575191,0.3734056371159530
39,0.3974097319527410,0.8122560588411880,8.519069268546340,1.1326539489083100
40,0.1277136190772220,0.3033101133937790,7.899404268047360,0.060370150040504000
41,0.08165807475294380,0.3253016209970600,8.648855325543660,0.1169273958981370
42,0.12951989169871300,1.7116697211402600,8.024827286516640,0.28364420962316200
43,0.03877371432832370,0.5987528257032480,8.41218164799717,0.15900920560503300
44,1.2234620427638400,0.1722868833790730,8.294373883678670,0.1499729904002330
45,0.02584938926277770,1.2345053524790100,8.383273299960570,0.09666567490734730
46,0.19333981203577300,0.5843321410440580,8.559203138995680,0.27167133636055700
47,0.16484674963230400,1.0180401976446800,9.261502262251460,0.3808471710818340
48,2.3605146006249500,0.15473978791141700,10.756307173294900,0.010667627793461000
49,0.6686020836512260,0.5289153181521880,9.716402883665760,0.5831187060274370
50,0.0072094865115793700,0.8259959592271640,8.121772022275200,0.15425323795048100
51,0.08629785758593010,0.6414958662694900,8.507101900487160,0.2759649005593100
52,0.06391058585974870,0.5300633064486770,7.9198806456572700,0.27916437190899300
53,0.001,0.4990835823151290,8.147649514054960,0.1380870874446530
54,0.1124169173244960,0.4208513655210710,8.279353383076710,0.09887458312833380
55,0.1031197720030260,0.35957762591537300,8.36583449354645,0.07671318583934110
56,0.001,0.6339227920160520,8.29882094429432,0.2801026011978000
57,0.05490313892782590,0.9748562189616610,8.11643642236828,0.9885793411662630
58,0.0115161208701687,0.7963784768355130,7.697491611141990,0.16481158913951600
59,0.3273740860333190,2.4053198450802300,9.744910575717550,0.2475391253055610
60,0.296168964926799,0.7721526088989840,9.230687178409920,0.7141963301613520
61,0.001,0.7560763320308970,8.533541179219420,0.259356563593018
62,0.6647426514535310,0.3835134501397350,8.216197429110170,0.05846083870301210
63,0.0894180798452512,2.1211995271915900,9.288442250017850,0.7181974913785310
64,0.001,0.50969275404311,7.146801165553130,0.7345688652961750
65,0.8450335873579440,0.9939335878541940,9.880157202161310,1.5318214183798000
66,0.001,0.8144446277633250,8.416594396846890,0.4237736717195790
67,0.3523576284586950,0.9395142623189670,8.284125101309950,0.4489806803333970
68,0.15641696346693900,0.1862898339169290,8.705259396161360,0.2545732123701310
69,0.001,0.5682550455240100,8.14788223059271,0.4633355207720400
70,0.030460384062755800,0.5925834803587940,8.263399006035530,0.0931622007886386
71,0.034320036165399000,0.8197996418345010,7.734074257935100,0.4034166113767100
72,0.04209660949652080,0.2668461636801140,8.194439569118500,0.07738843804744740
73,0.1608319310104320,0.8094988384209280,8.53954906249586,0.2384020364562110
74,0.7260629964916640,0.2938423137184640,10.025244604878900,0.10917685083892900
75,0.08122990051373310,1.1078524565375300,8.223470278328850,0.7499048704287630
76,0.2422078833057420,0.7793396444937160,8.164920776830290,0.19585369699062800
77,0.12741599393860400,1.4563912722387000,9.204922527223380,0.24135907152127300
78,0.001,0.5672686054568080,8.38632233086156,0.2379619029145670
79,0.025197619683052200,4.530510554134520,8.832494174594740,2.3271367414929100
80,0.001,1.3058536427000000,8.319468858858780,0.23138701530039500
81,0.7797243325843310,1.2955566027646800,9.847214493213470,0.7072385817582020
82,0.24410933625001500,1.36825504925616,8.348312347641010,1.6053021360575900
83,0.001,1.1802917632666300,7.913328445216390,0.4183304672282650
84,0.386054560638332,0.21161364738061900,9.658705298585730,0.11286255309916400
85,0.6257208440806260,1.3802700987909500,9.763590775137290,1.6188751421134600
86,0.8379077596624290,1.4987618581655600,10.034650144301600,0.48972564344752500
87,0.6676653940017520,0.10054695245921200,7.209604100016220,0.010877114347004100
88,0.001,0.8112859999111870,8.134021777582200,0.15332840324873400
89,0.001,0.6720300884272480,8.282909029664480,0.25371728474142900
90,0.03088996061664600,1.1041583422105800,8.309411528480440,0.4368129983755420
91,0.001,0.06777283409085530,7.596908881380700,0.011902731346843100
92,0.06297487332000100,3.9719614263570800,8.528173813582650,8.712544989230810
93,0.17967118226135500,0.5030802532652160,8.090008243627760,0.1126208721291820
94,0.3140112671564760,0.4021493046271590,8.70183355913865,0.1316639283940730
95,0.17951359358621700,1.2179263446615800,8.180022672813640,0.593199394670708
96,0.4727624286683470,0.3851865660465890,8.461245779722240,0.09614182263653160
97,0.001,1.217059077821190,8.273959085881560,0.2688011361394830
98,0.001,2.385265437163860,7.915695087883230,0.2205475825625960
99,0.17039091753439100,0.4471969171232270,7.928066162021970,0.22182236383560000
100,0.001,1.7688459904038600,8.766471764965250,0.3841520706570330
101,0.5986587344113180,0.6105271227320120,8.484320465403420,0.15200326737789800
102,0.2412927799994020,0.3594710039606970,8.369476926984990,0.11808595677169900
103,0.001,0.7204661638098700,8.830811231698640,0.6290688830577310
104,0.1327937796231550,0.5411367324567400,8.077987146527850,0.11566854316588500
105,0.001,1.5870572433225900,8.357437683898620,0.9713230101681530
106,0.001,0.12412084743227200,7.551912827806440,0.04341710893197140
107,0.10858689699718600,1.5083974873131600,8.859708753209080,0.7700331244273280
108,0.001,0.5341613552678510,7.548799952728780,0.28336059992813900
109,0.7021438295314150,0.2046897022792770,8.935321384134800,0.011941927887617600
110,0.03820363363701580,0.34411476607742500,7.677602315109000,0.09991320551586720
111,0.2886770785621910,1.073469992493030,8.953407326681240,0.297899848516341
112,0.4111432950568520,0.1925251364082390,8.330205867410240,1.1732670478321400
113,0.06791937409572330,0.2782155135083180,8.315417666837190,0.06896677916838400
114,0.09028241786215740,0.3001376824611020,7.988299440330850,0.10097857383061300
115,0.14306402191924300,1.2766873522728000,8.809524837699060,0.4816281051124610
116,0.3723557256000500,2.2150298156955500,10.36732629065720,0.36940609851265500
117,0.2554788152347880,1.6153327464005300,9.07156723113481,0.6095852461707660
118,0.059032846878887700,0.3778029814911600,7.705999173026090,0.1423883782746830
119,0.001,0.21344936249083300,7.7627644799294400,0.06120141422017860
120,0.001,0.31151580668866700,7.465684891093250,0.1125261971357890
121,0.056149491273069800,0.5695616571625280,8.364138918990450,0.12828498355871100
122,0.05260260477386390,0.34342430876070400,7.487245159669480,0.07203060193594070
123,0.14009118603619300,1.1314380705610800,9.102078090253590,0.4008102373770700
124,0.09788138193018260,1.803546770268450,8.431221898038910,1.7314826685165200
125,0.06758287239602950,1.2488461753872100,7.487765393067180,0.4828787052575440
126,0.5339680984670080,0.9904999187960230,9.401441183344120,0.5568754489503780
127,0.4799186420881610,0.11734773502055900,8.593633032756070,0.024340143139850900
128,0.0507333450679002,0.9384400278929950,8.949535831655490,0.35159020959148400
129,0.001,0.35286655872949500,8.315973320673290,0.0809172234529951
130,0.32325259888806400,0.19426464880083600,9.386693933369840,0.07812449400205520
131,0.19125915096759200,0.3209449217349220,8.347836282031190,0.10107637791677400
132,0.001,0.17479243256179400,7.561016487917850,0.02661158443106970
133,1.3204469598775400,0.11417050060674700,10.021807725218900,0.01702554832377300
134,0.1034540840642540,1.0375777284279000,7.67917408140428,0.4164901415055630
135,0.4909764439381340,1.3077251660893100,7.962534213052240,0.2856763590704930
136,0.06451139293373580,0.579169437589202,8.598146181942870,0.3751989933924790
137,0.001,2.5950778406585100,8.3366131842374,0.4189717750463360
138,0.02736078253105450,0.8997726690510480,9.0204559353949,0.4246495436968410
139,0.10941160795387600,0.5331027921277630,8.294166930368080,0.17125168338806900
140,0.016898702435922900,1.2842973832310600,8.029930532314090,0.7021609797364350
141,0.09665642185038000,0.27833566293725600,9.139478136524810,0.17986743999130500
142,0.001,2.2233961813533200,8.813660564188450,3.5913657810671900
143,0.014866007121871900,0.20027585441119400,7.268089733804010,7.5527611328227600
144,0.378967231972547,0.9479482541104090,9.156637897788970,0.2647918441462000
145,0.4982618095821980,0.5007891062481440,7.987951909171100,0.012694891948671400
146,0.8172249092744550,0.8986708365725390,9.654611727435450,0.5081667595116990
147,0.19358812628569600,0.6989643666233760,8.40844961778308,0.10074016725305900
148,0.04075973963141610,1.1854432901932400,8.130430223137360,0.4459076856549870
149,0.001,0.18806512515299200,8.34046902526759,0.061251495166029000
150,0.001,3.2098868430091800,8.048050861043160,0.9635490237180200
151,0.001,0.6444687790270460,7.696194609241350,0.3770633084963240
152,0.001,1.2207649600359300,8.876451185181230,0.253588051652718
153,0.2951562851507380,0.2939761272375470,7.815904768953660,0.14726897732503800
154,0.2352017014941780,0.6163151987947340,7.8056476390267000,0.1825033962883910
155,0.166515646708685,1.7253897271005900,7.631692203534490,9.6300707525653
156,0.14188708800175200,0.3636993359185750,7.8668062694306800,0.2879441822883040
157,0.03313879996011870,2.1127567198172900,10.291331483274600,0.2620440100099400
158,0.008594319512007890,4.55556030562034,8.182323928503480,4.735501601830540
159,0.017807493875416400,0.11092006716157700,7.266567959168620,0.014688862475612100
160,0.2477689675377390,2.8382720312243900,8.605758406362910,6.7447531658208300
161,0.005630675271550360,1.3228349770312000,7.897278152308590,0.16380184161198100
162,0.001,0.5538544163467320,8.005537811490960,0.11441243326913100
163,0.0631553520285306,0.3106317404892060,8.45544834650581,0.24473541892442600
164,0.0030850028644837300,1.0617247208960100,8.470925061221360,0.275190913434818
165,0.1227133878425530,0.5428930056935380,7.392105912766240,0.18163143968188500
166,0.6973644027355480,0.4208436764947910,9.21046319808214,0.16348518870124
167,0.09863493504243910,0.4649303812789010,8.950032581756970,0.3299147706428120
168,0.001,0.978439113491684,8.134758283951100,0.4424421636320260
169,0.15662401620872000,0.4530682789786590,8.194491997319630,0.09035475548524540
170,0.001,0.3925397924670950,7.698026426858520,0.010405919782481300
171,0.5629841245912800,0.07283315579783390,7.796275978487390,0.02609334922425460
172,1.2973923040202500,0.1462999631553620,8.827474320304030,0.013250846519840900
173,0.001,2.938038298137060,8.20430062895575,2.5124657166771600
174,0.04086061493654180,0.4030450759307800,8.649541228966560,0.1577226379750900
175,0.1375970549832140,0.32070837128316900,7.687249364062440,0.011193184413911800
176,0.01718691205847390,0.6602820824068970,8.124568744734710,0.436365699883114
177,0.3507491107453130,0.10896450969262900,7.835888289460820,0.011161206254981000
178,0.9743803176845250,0.07147087941894330,8.862746485082450,0.03298467266557730
179,0.07181872436798190,0.2778817494867520,8.348352475741480,0.13510094575995600
180,0.14871150591637000,0.6407049794691410,7.867392051522550,0.3661821855402630
181,0.08985874647317680,2.6757910568978800,9.304566721729440,1.02826781947924
182,0.001,0.5551727892937250,7.547630252478120,0.14127466170361600
183,0.001,0.5906886079977950,8.24778218081331,0.5557106386179930
184,0.060908575198734500,0.3705655541820410,7.46254807704861,0.17045661992779300
185,0.1511614124218630,1.2774773085021600,9.123950941018930,7.740840886923920
186,0.001,0.4938708543724680,8.18233774170897,2.439912011354860
187,0.001,0.1791342601902420,7.241693965845510,0.19469424121665600
188,0.6513334782492480,0.8999469428824130,8.640752247793360,0.9217447956118120
189,0.11865489844625300,0.6682201856778020,8.884196383756790,0.5755643329000720
190,0.10542360320770200,0.6290130088814440,8.019922766511450,0.5908872116881920
191,0.14539613158084700,1.7559426698322000,8.246281082373060,0.1186146135585850
192,0.19388222129394600,0.7987519826542110,8.800292569849460,0.21391291125228100
193,0.12606407556738500,0.06103108610668410,7.581893351696190,0.012422571337486500
194,0.001,0.3458105512901410,7.978859463793360,0.10853211620041300
195,0.001,0.3248752315421030,7.9009086806846,0.16469995631121800
196,0.001,0.6167619110753360,8.052899712168380,0.20480805356482600
197,0.08189894005263680,0.3692164476839500,7.807980808633980,0.15463455178705600
198,0.001,0.4125213339058220,7.164528638259980,0.02036668855054190
199,0.04819239037871560,0.10232468070573300,7.506849667273130,0.032598446109093600
200,0.13433200223341200,0.09413735038257940,8.356187040380050,0.018802129298733100
201,0.001,1.1579752893381100,8.410199841694560,0.37327440522417400
202,0.0927240353143636,1.047099179976120,7.81964331759538,0.4291065294024850
203,0.5095175389530270,0.1867332270510290,7.5007576505131100,0.04936237225004800
204,0.031421112716895600,0.11807608188822100,8.671374596662210,0.01171647385707830
205,0.04480859588250070,0.9781163101688000,8.795937161618400,0.305319757893098
206,0.02846639088364620,0.7526115435912240,8.96242908395667,0.2802627355913210
207,0.1286055267334660,0.34101020791220200,7.385734481282310,0.3444102250578350
208,0.4479159219972220,0.11481618758613600,8.675055123281370,0.021319765773774900
209,0.10343944210399700,0.64546841048118,8.525646990838500,0.23432587792881700
210,0.4608488248663710,0.29940495956629100,9.72711948230525,0.1052935729994690
211,0.25192302354691000,1.599844901332150,9.289784694145060,0.7853750431408110
212,0.035539925847654300,1.1845658999376300,7.842341702425580,0.2349095002599350
213,1.0007176112923200,0.6138789689149270,9.459203546633960,0.188871221454806
214,0.001,1.905752691706410,8.121533438010010,0.6868318133225420
215,0.4666421258932660,0.523515045485373,8.962351269426920,6.292586615313530
216,0.468257626535932,0.09118532262903570,8.960787203917670,0.01808833814451150
217,0.22334580771182500,1.699062750429540,8.190942348560410,8.047311777947330
218,0.02928049325179550,2.1049986294299500,9.28307368833269,0.4791419154370280
219,0.034732260706754300,3.2830174842030000,8.043985828433380,1.3704701074061500
220,0.6074162321982050,0.08992059521657590,9.288892641836200,0.04098497294006370
221,0.0969926811643373,0.6950915208884460,7.492263919994520,4.030730703072020
222,0.04229468530379620,0.8425066727074540,9.27260656226058,0.4736467434466730
223,0.001,0.4415882238991120,7.923869326695610,0.16734394928490100
224,0.001,1.2060247651918600,8.427957196758630,0.4160239413526550
225,0.23284328811921700,1.1897126585549100,9.545935989529110,0.9948744184618200
226,1.55584822088956,0.06808448409250040,10.035960380416800,0.010609115034281700
227,0.08152983967028960,0.5463931061261040,8.67207525229812,0.4242649865306800
228,0.002552893327618460,0.6837073042951960,7.941263784096070,0.13580019194869400
229,0.02734028516482950,4.762728229579350,7.930072523269530,2.6282630238485900
230,0.001,1.50001480747304,8.841086929380800,2.261940508907160
231,0.26691753578074800,1.097586977813230,8.147707122359680,0.33210071045202600
232,0.9470522907407340,1.1901852419169200,9.88315616905849,2.073338066574010
233,0.001,0.5143764632462060,8.223134754111050,0.1585702349543040
234,0.04833936348043790,1.58917731392516,9.049943569229750,1.5555548375560100
235,0.013048530270673800,0.5839369074901990,8.325047246226360,0.2981769454089990
236,0.001,0.12141042879411100,7.221939167111260,0.1056940127154300
237,0.1987540845041110,2.3367338153994200,9.70714756586239,0.5318719765310350
238,0.30809174061925900,1.6083763063167100,9.58864384150226,0.5626222485974770
239,0.0869835692614262,2.1510065213086300,8.032706380620060,0.2974439822768310
240,0.003632746601165490,4.342840058081840,8.356981107751280,2.004422644974820
241,0.0309349452386152,0.42247721710986000,8.241691280735280,0.1118550830094
242,0.023574147596967800,1.4258718206493800,9.159146507012000,0.1848149969003130
243,0.001,0.4844378582371640,8.224231534715530,0.05038726337674800
244,1.139739708501280,0.20600800878438100,9.64302904879732,0.08152884184146240
245,0.08529651199746160,0.39389603713916100,7.853229105441800,0.08510686628276760
246,0.001,0.6762279425129470,8.370319549435080,0.5718557059483250
247,0.1052245399498060,0.5972202137229020,7.993286423010460,0.3180326648019030
248,0.13651821035329200,1.872531309338080,8.36664625079792,1.3939102203443000
249,0.13592889063810100,0.3313888227710510,8.309712407752250,0.1357573935338920
250,0.001,0.10114962949409100,7.830196247212470,0.020421080475304000
251,0.4106353434275370,0.4057291370445150,8.208722800842070,0.1434806235156700
252,0.09835992348697910,4.690279706909100,8.561852349027210,0.6301062618971470
253,0.3677026807321000,0.5768228671762230,9.021858863181170,0.7601175087663030
254,0.001,0.8424138916085160,7.839644339313960,0.3140943420627710
255,0.4147803252661220,0.21020053175519900,9.1595545074063,0.049232696615482600
256,0.001,0.40343939307335900,8.123466127475790,0.03868933918914910
257,0.001,0.7866949579268110,8.113157695978640,0.012230828654480300
258,1.4996809790951200,0.16199034830699500,8.517016437909370,0.015472920677832000
259,0.34154789588461300,0.7892608945502640,8.628425861524530,0.4106652997521560
260,0.0431437939514245,0.5333782812758320,7.3332624529111100,0.7914098835265430
261,0.0816091038256565,1.8006569418878800,8.304302448446610,0.955657386991266
262,0.039720076645134900,0.4828395436398650,7.698034100793000,0.17545936693153100
263,0.11974288589724800,0.2501008832762530,7.12105805611654,0.5941156441662080
264,0.012832115311968900,0.4644985478383380,8.361889336319330,0.5611061506196130
265,0.001,0.5907823115524540,7.7243560830870800,0.19407029403299300
266,0.001,0.43281916377802700,7.810147707971320,0.22398875923584300
267,0.12316131139837100,0.6315933648885110,8.581045620814560,0.5249083489339910
268,0.12197628917952500,0.8702672528114610,9.03185415395161,1.0045800128411100
269,0.04564998914046900,0.5251476552509870,8.480739662158010,0.5207545010346460
270,0.34699844227035300,0.18208878420589300,8.372795278758180,1.0501658024868100
271,0.168600263776353,1.1044333728120900,8.402169546710780,0.7110808897312230
272,0.3727690580589990,0.4413688397483470,8.077012797765140,0.5131395569534950
273,0.198726910808185,0.4336179946777130,7.988233924237890,0.1953805809713060
274,0.07410818969201580,0.6449405585269100,8.289140059060900,0.2575286418063330
275,0.001,1.0151540586533400,8.194794643404790,0.4534785818473780
276,0.001,1.1569644317424400,8.835941595149400,0.4362730672407420
277,0.8707931991762990,0.5334637333244690,8.352380807005390,0.051519881202147300
278,0.001,1.5604309198758100,7.773245933977640,0.5309848441005770
279,0.01793365727353410,0.1140097336072710,7.088887678475260,0.011014616189049700
280,0.09760842431898090,0.12175016186030800,8.199093024771340,0.01543807676037410
281,0.001,0.7632449216043780,7.101968607999150,0.2136389493287150
282,0.3356453127861170,0.8177583830645550,9.147009372572730,1.027866372222880
283,0.2938232430729580,0.7503517426131670,8.059350228470840,0.1848756086393620
284,0.22234274570863500,1.0347393184967400,8.750717366320160,0.7736494309591640
285,0.001,0.42004208570543300,7.479884067945580,0.0703557389322499
286,0.1664175860195230,3.9382942179884900,8.75023579368769,1.0310692780055800
287,0.0074017808262436300,0.3800475110967470,7.476296229570790,0.12826030812251400
288,0.001,0.9396070944081540,8.068854327655630,0.509455685050032
289,0.14380375906897300,0.2661171795442480,7.82000214192897,0.07742332133279900
290,0.001,1.5169753316854000,8.10783511574924,0.4174693759118570
291,0.120153614853933,0.21415065241423900,8.108692872194860,0.04985976030587860
292,0.057358016299057200,0.25569155180429300,8.227204583948100,0.1281535118399910
293,0.03581380019380470,0.4473627182350720,8.522997876652700,0.16152738951948100
294,0.001,2.162309220607170,8.316404780332810,3.241497636034310
295,0.17708923845579200,0.550159690861784,8.179146549349040,0.18669674038917800
296,0.6979724856961490,0.11052821496247500,9.033679934035930,0.06714170049107140
297,0.06905305651867300,1.1962138288996400,7.877744017802370,0.6171611133297850
298,0.2622152882376180,0.30558108307827500,9.022541972116670,0.25239898851883200
299,0.05305090584378990,0.7867951215646160,8.613131428365590,0.14355655392589400
300,0.001,0.23186222601825700,7.8659479593283100,0.0900487647024813
301,0.8686577352325400,0.19262009111964800,8.071414857304240,0.41337561101790200
302,0.001,1.114493526957270,8.364544136487010,0.7005699488231730
303,0.001,1.0919265732283200,8.857157533352260,0.451374039172846
304,0.001,0.6635198296925300,8.71549504966427,0.4127037062728820
305,0.001,0.7715774518998770,8.507605535844870,0.4199766950771550
306,0.001,0.5211164484819140,7.845364640731380,0.06562492575277400
307,0.014770177668286300,0.5160887096113650,8.05630350534824,0.3279922144251490
308,0.002764163165648140,0.4548528792443720,8.097844896743740,0.18573433855443900
309,0.23294821207581200,0.5621323322948020,8.119427605329790,0.12311515599664400
310,0.09438824155578840,0.3516366012099830,8.021896545729030,0.2592207353897150
311,0.10875197455249800,1.4761104959614500,8.786141248921300,0.754141898274196
312,0.001,0.18758985794630900,8.241506527957970,0.07751077263476410
313,0.0015041393506293900,1.036526385670360,8.860786334250260,0.26933728895586500
314,0.18363934502127400,0.2083043792083990,8.546937854957370,0.1036944458847170
315,0.0838927677789461,0.9164340152531050,7.754349182245770,9.58331238906614
316,0.001,0.35746060964359900,8.726002092237600,0.23649075381072400
317,0.02400916003951070,0.5757911626819320,8.30656131010828,0.16170430477818100
318,0.001,2.2346076341968700,7.806358187363050,1.203004499974360
319,0.001,0.9879398431624490,7.756350884980500,0.2150798251819330
320,0.12562568431501800,0.5549931340329450,7.602167535396920,0.3960561244271440
321,1.5551112580483100,0.6115017681993920,9.552785472192330,0.3478526585892590
322,0.3261995938605270,0.3038229672859600,8.493345626087070,1.277076767956710
323,1.3176414014126600,0.2884270505306350,9.490791583738050,0.02176414260537000
324,0.14720424242584000,0.5044315232086560,8.426758519934560,0.10962292930877000
325,0.2897293039540520,0.6116167550577020,8.903826694290220,0.3492658546766840
326,0.11055544577701200,0.3748374804351190,8.149479659557920,0.1266951441486310
327,0.003357587680486280,0.904863013954888,8.537862284651340,0.4723466531261680
328,0.02446590780425400,0.4300040933836220,7.31406622268387,0.3168637289773240
329,0.5457899486297110,0.12607398152017600,9.71846181749134,0.0329659454223283
330,1.6520946522029800,0.16011604187597300,9.647928125999690,0.01860104887759300
331,0.0003176412915251860,0.6988485097881940,7.613506520910890,0.16773541197292200
332,0.6055189252602020,1.901229728296340,10.781740347323500,0.27512131181574700
333,0.4285000666214050,0.9294648355714970,9.25217971798858,0.32431021203081700
334,0.009863124654111540,0.8437894440521940,8.101546811835560,0.4445780251817410
335,0.09853368639311500,0.8824947870893840,8.050284781038420,0.4344843009419380
336,0.001,0.14232648445282500,7.605343534546450,0.12206582828134400
337,0.7301643884783380,0.2989389044917120,9.651681898114770,0.16136386433565700
338,0.001,0.625315739976048,8.41349545740093,0.1931034381253760
339,0.001,0.2287591906648180,8.986144935889480,0.31724643264722700
340,0.048571652790261500,1.4832197450825600,7.970887347878510,0.4263285574716950
341,0.18517655584599100,0.4729767623843280,7.80661599217416,0.15104775625216900
342,0.9087358015007410,0.15788566367728300,8.03977576322333,0.13597488004895900
343,0.4488366085933860,0.9695899520408250,7.907534356813600,0.23563191836842000
344,0.1007956639006770,0.14215603942572900,7.821262603623680,0.025766655299274900
345,0.040453127943016100,0.838620919665996,7.978621752713110,0.011781780812895100
346,0.17418566690143200,0.8950781789481150,8.264658636005940,0.2571491740107810
347,0.005526374750563720,1.033247376753030,8.57417279609575,0.8518751864276760
348,0.001,0.7419134847785910,7.933363859383730,0.13837385800171400
349,0.23583851212195200,0.4278835535838280,8.238511505841460,0.11484485825227200
350,0.2926551951881020,0.460041877169278,9.440168397977160,0.1204619235081870
351,0.5274055990117030,0.17173531387402200,9.616593850456840,0.06770296317266500
352,0.09548000511342910,0.4708579631802520,7.623020269822530,0.20149248813104500
353,0.1934781234327830,0.32770710500967500,7.907833448514620,0.17457696856366000
354,0.11092246934267000,0.6109858682694020,8.256488983542690,0.2538958551001850
355,0.9326342382229610,0.11664568943086200,9.554816245111990,0.04794650068765040
356,0.02444223344683750,0.9658053760865770,8.470061652319960,0.4036555491775780
357,0.8017418815176140,1.1440664375331700,8.421054771901590,6.130462766429940
358,0.7310070245817910,0.7185163391296600,9.79501732599423,0.6574649591310650
359,0.1862643050463280,1.0523326413517300,8.65727417613686,6.753458704232570
360,0.001,0.2733445271990620,7.694044699128860,0.010727651562433700
361,0.4161114300928530,0.608328919405102,8.000104748911270,0.015253427036838700
362,0.13955429415183200,0.5255492615466160,8.010488663913390,0.1600222927152540
363,0.3487129880007760,0.5930589846154670,8.368539632939550,0.24011265520190700
364,0.114184092494036,0.6430747224013490,8.142172834885220,0.4858989186568970
365,0.33907545337770100,2.1966260508236500,8.201419352376210,1.6794877392612300
366,0.001,0.270893271788969,7.741911766544210,0.010422821157052000
367,0.04682212592283820,0.7268397394265710,8.542997865081020,0.6093352441847590
368,0.012743777812285300,0.6387746764288750,8.533292787612530,0.31690922029954900
369,0.021958705157337300,1.9827634162658200,8.454669507355570,0.6997516796839650
370,0.12908645858098300,2.6022349557648600,7.884508293132590,0.667957285720558
371,0.013012683481834400,0.9318155211819700,8.123479959046780,0.5206353275710270
372,0.023872857944898300,2.1911343006865200,8.704998277586770,1.4809556423635200
373,0.07578766295142770,0.5059480069104160,8.593133490372270,0.4074229735203300
374,0.001,0.8160273028133960,8.145820438460330,0.19701356239192400
375,0.14435407859464000,0.6466348818883130,8.043224844672290,0.1094688385507
376,0.062478327233386200,2.2893425227632000,8.495882179892780,3.1034815568405600
377,1.4434653558757800,0.24006586272889900,9.685098464070870,0.024269639460922000
378,0.001,2.602460688334650,8.143694540363470,1.4258827781837000
379,0.024719148541136000,0.33522476879201100,8.112434730824320,0.02318266013378610
380,0.001,0.44080915922491600,8.158467422609130,0.1290602780973450
381,0.0874506555831627,0.3665341001220630,8.010741304919530,0.030559698343642700
382,0.001,0.4733327189852350,7.934660143031420,0.2738529567255700
383,0.001,1.0032114946200800,7.266581093140660,0.3207730772121700
384,0.0818299791459455,1.206860116755300,8.791213765299900,0.74340229399112
385,0.3719231160879470,0.31545528510669500,8.581592274926010,0.3181135974132140
386,0.001,0.5967933915306490,7.9090957075660800,0.033299313441297600
387,0.018704159805664500,2.9210520136491800,8.49988777322736,2.1238486198340300
388,0.4448627794914120,0.4734230326618560,8.662337589197810,0.10005346040432300
389,0.347477275560392,1.940245085622350,7.700433839416960,0.4337670977360850
390,0.08096130510565590,1.1687141915475500,8.099603640356610,0.37553277395735500
391,0.13971204116008100,1.422905856350490,8.35027241123346,2.3208079147579200
392,0.061943205310222800,0.3607254696265220,8.267089070368980,0.2480492472838700
393,0.001,1.0515791878339100,9.051798652258950,1.0354907218300300
394,0.2061463555249530,0.3209655549865490,8.661770656337680,0.09665603555120280
395,0.001,0.2925529986541200,7.2937299339704600,0.2568643242466430
396,0.26820219427634800,1.94922214886198,10.5608979273585,0.17440304130796200
397,0.07397209624183810,0.8987088709588650,8.908519892815860,0.6769193527461350
398,0.2686529803652020,1.008676309827140,8.663332071727840,1.339524188110490
399,0.01657076603894920,1.3363625412991100,8.585499751134400,0.4086186691696710
400,0.5595883552504210,0.3724545815810340,8.324828215190510,0.10788115190922000
401,0.001,0.6902345666526570,8.669452485564040,0.21825343697043000
402,0.15501356875808000,0.06445580263577420,7.737090977607740,0.01166465281895460
403,0.5639418897927080,1.9093161950987000,10.813873914267300,0.15118156578508500
404,0.12005317701381700,0.3655942690970410,7.450060024511450,0.10931839534419600
405,0.001,0.5074184222169520,7.559592557495030,0.15198876316931100
406,0.001,0.4096608170112740,8.046243975225400,0.14987433618056000
407,0.03562957178567910,3.28953747768967,8.988358657205990,8.925421220977370
408,0.1350936566536160,0.9013935366044510,8.311005624652500,0.27276526966653600
409,0.0034050072910027500,0.3742522166215390,7.757426335096490,0.09772536661289120
410,0.11020327245094900,0.4149866263543620,7.449565237069710,0.13541571163311600
411,1.0363597247437800,0.09780038567441390,7.560163966951670,0.11394947138949000
412,0.001,2.9208022822396500,8.592164376890100,0.9377216417114070
413,0.03699773638947190,2.1586633229784800,7.5919494619294700,8.240304050806070
414,0.280217345280896,0.8105078524575510,7.856674873652950,1.3006667387797200
415,0.05858018129053640,1.1513885068941500,8.860454251779530,0.6172946463243590
416,0.03565607097078720,0.9079656270974450,8.489355492176180,0.18130027611980300
417,0.08389803092822910,0.5106592743997180,8.237975428472190,0.0944758732876644
418,0.001,0.3727071256145440,7.6456704580041900,0.15136813082284000
419,0.001,0.27935157979805800,7.643924020234400,0.09025758462936130
420,0.001,0.15292704985563000,7.461999162805870,0.07033361160978870
421,0.09390561338739850,0.2963571622888950,7.760238879085460,0.011016395372078600
422,0.04367257087151120,1.2283733567875300,7.9049775826071900,0.34928493257543500
423,0.001,0.6078434878806530,8.450915074487980,0.1356450529336400
424,0.003973915096206480,1.8114427030492500,9.393880613340200,0.8922792141645200
425,0.001,0.4890797970169790,8.467622293518420,0.14396524300944800
426,0.34390721330019700,1.8814371788379800,9.076921401520120,0.7290083835930050
427,0.07861222506250640,0.4473035561384870,7.308083604302560,0.16844370719384200
428,0.001,0.11970284358560900,7.4692356786774200,0.02124453285594500
429,0.001,0.5722476512581680,7.670563912962260,0.1143341186435300
430,0.001,0.5567377214215410,7.413048047115660,0.18266367096939500
431,0.055345886709319000,1.6887507002934700,8.43702908809428,2.4639137419835800
432,0.09171877369075930,0.8690874496867910,7.905943564468230,0.470981872167435
433,0.001,0.683801681088497,8.562927415049160,0.2934503977628390
434,0.001,0.7110208683123370,8.396872453585420,0.30557581503053200
435,0.001,2.1479311907461100,7.7599595665567200,0.7470139456207170
436,0.001,0.9731442330737950,8.371058470411890,0.9213628611817890
437,0.07007048981622800,0.5807692290146390,9.036114313021460,0.18288812162155200
438,0.055453618758658300,0.4983609347850020,8.177226217860930,0.1941211081940290
439,0.3800131153365950,0.3543642034533910,8.032217384131430,0.4150100172688710
440,0.04162525935004410,0.5198660743796450,8.686533321201410,0.4727143798344450
441,0.134608821521205,0.9987624639127530,9.07761088543451,0.7440988024022440
442,0.06785499938768430,2.890326725307350,8.465343982529050,1.2735791818632400
443,0.001,0.3942541168348030,7.2821079463807700,0.1913223273783620
444,0.001,0.6245185651291130,7.615064781607020,0.22016384197896900
445,0.001,0.5369751613493040,7.413714827875420,0.10624300630242600
446,0.16199908262169400,4.999622928126540,9.38416281431468,0.7456707628018910
447,0.001,0.35976360287325100,8.46334777949795,0.5688679040236620
448,0.07640242677150280,0.4080208639309850,7.8161741570777200,0.04250819910934180
449,0.001,1.8246437607260500,8.457864406209070,0.5568495180276610
450,0.07537713008786560,0.5014047141502400,8.343824534683450,0.1914773917288480
451,0.0227708717408162,0.4259843520047310,7.606608241440400,0.08121541093060200
452,0.7270297036868630,0.14706178313803700,9.284147885551020,0.04004973671998550
453,0.4555151954739760,1.314780270691920,9.329399677468100,0.6867548761787990
454,0.15540208962315100,0.4220829033725330,7.88843343829887,0.3810003902174080
455,0.8894747562916010,0.8404211037443300,9.224835689959840,0.3667201678842520
456,0.7466768836506860,2.1723521274632500,10.454121834397800,0.2677042295627790
457,0.001,0.5558256827175320,8.101480796494090,0.13608469163646300
458,0.07730593701847690,0.7063448190493040,7.7162324596297500,0.486593684989642
459,0.001,1.2204632629164500,8.009324186554800,0.4008173347613930
460,0.32406580837977800,0.7921802787108550,9.270086815508130,0.6948859530329880
461,0.001,1.2559426805709800,8.315634039762110,0.9120150382425890
462,0.001,1.6340753868151700,7.9984411533595300,0.31878314231921400
463,2.162638965445210,0.20414621890522600,8.923122122389610,0.010214470552512700
464,0.3089837977199730,0.3781757622035270,8.03514913637994,0.1114868338163790
465,0.001,0.8936953722139670,8.566729538752060,0.35934417867620700
466,0.001,2.046175540431720,8.280354897617840,8.084854527161630
467,0.3325231844216290,3.4655741900506200,9.404269406202520,0.6713406709312940
468,0.1602212086757040,0.953683498671803,7.757769831993610,0.16920188953803500
469,0.15583083651208600,0.4855386193003620,7.351772821266920,0.11105548919567700
470,0.001,2.5797599200503900,8.219119092010750,1.3560911614234200
471,0.017179781318072400,0.9283677518933240,9.201053695605320,0.6397404640000760
472,0.001,0.6396512872060950,8.572272451103170,1.2957277708441400
473,1.1145419432389200,0.1458230873644040,9.851508590879510,0.05265197228768440
474,0.006440433949347170,0.6503853949629360,7.968120948731730,0.21422587825724000
475,0.001,0.4791945433983180,7.899549685177700,0.16057044254886300
476,0.001,1.2109742582867100,8.146724197893600,0.6127466342219750
477,0.449662737687284,1.7032094532682000,11.187689565880400,0.1715262443672760
478,0.4465135820552530,1.5772450464782600,9.147414862713640,6.662884917907050
479,0.28486922186076700,0.3151304723234190,8.025074393654980,0.14278560167341100
480,0.13822151648151900,0.8468733317595610,7.766770693700720,0.4759135678469060
481,0.001,1.7034801376809900,8.431505975787690,0.9799060308142680
482,0.001,0.5312719674022740,7.845582895141330,0.13049112388658300
483,0.001,0.5688480920716230,7.655419156646450,0.0331580802406588
484,0.4592319413424820,0.6857764951024430,8.270911599553240,6.0736039299780000
485,0.12731577160402300,1.0435370714257000,8.532336472011150,0.8313574644414470
486,0.012446653855120400,0.969032674371486,8.731905735506950,0.5662735288005880
487,0.0581933355946444,0.4301047276128560,7.4723589559283400,0.0831421903990241
488,0.011882602607600000,0.8842230374313240,8.004422112392680,0.382479994210484
489,1.2495188804625700,0.5131919909586330,9.564829655473040,0.1665990960591660
490,0.4162251133363480,0.15594863614995500,7.8473266071266400,0.011790142917503400
491,0.001,1.1547184591967500,8.350765068727210,0.3652675478286600
492,0.006837148057884080,0.5775418027822710,7.509487606778940,0.21924939303129300
493,0.05287529722408730,0.09878190099888520,8.38367267126415,0.029694574149004600
494,0.17329565312671400,0.1739601927112450,7.4470486903249,0.1147641111710720
495,0.0903914107363836,0.8432502626166110,8.479877534119180,0.2115411261886640
496,0.04715595326896220,3.0095198267986400,10.294133680868100,0.34077034599706900
497,0.5582771949501430,3.8396674625296100,9.231103305503990,6.284643499734920
498,0.2866799430035070,1.6107999968044800,10.56352033373780,0.29446847057169400
499,1.0745117211548500,4.581962618471400,8.540057481340270,0.014433126235016400
500,0.001,3.267098257266250,8.118793792209780,0.5004457312468430
501,0.15955527666276000,0.93491678104971,7.22696205853792,1.0336899266824600
502,0.0020263072275692200,0.7829376149667570,7.872419812106320,0.19399986858046600
503,0.5747701539153610,0.1660242762052690,8.142824551640940,0.06238059358551230
504,0.36378859835196800,1.3197513242101500,8.894658067906910,0.1522116722598860
505,0.0009766533410666050,1.118543723142350,8.577766992316420,1.4938668824511200
506,0.001,0.12540852667614800,6.925243112565970,0.01363024473071490
507,0.9494854282955990,0.12267216694500400,7.37320026367252,0.13188396252667600
508,0.043052462154203800,1.2760502016842200,7.733196810232040,0.7828168441713930
509,0.001,0.3096287976929510,7.9133405139808000,0.026301168955933300
510,0.02414631329525010,0.9836362587042460,8.358289658366150,0.10393965111200700
511,0.001,1.8018373414700500,7.9707960620629300,0.7212665589608500
512,0.04140323928075990,0.5360214928850560,8.199567487633220,0.13371540579818100
513,0.4216482464687510,0.606938796177759,8.102283367898570,0.6069527471654560
514,0.02637658443611060,0.601464375321553,7.596920055764700,0.24393276539653000
515,1.0013555884180700,0.5617750357230670,9.77317505070717,0.1927111354264920
516,0.001,0.5633649421467410,8.661592567617230,0.17077208139598000
517,0.0011563159560906600,0.5863498972375320,7.466742265269440,0.1792281911013740
518,0.039878324362374200,0.7605787741037410,8.191808612720920,0.4693571388116320
519,0.06032096375122810,0.4970082320939670,7.655113644625170,0.016582773373447000
520,0.001,0.5375295350036090,8.535362926535580,0.2327544512569010
521,0.001,0.9797560243990340,8.029219481144380,0.27515071697781200
522,0.12416572939631900,0.34710478308433500,7.795624398977420,0.16590409664158900
523,1.4257867333542600,0.07892632766305680,8.291252895069130,0.02494827820534250
524,0.3776983695288950,0.9826523401131410,8.990996623850870,0.21651391974872800
525,0.1750057478201330,0.9198183612973410,8.054270703946200,0.3600882468588980
526,0.10105967855613700,0.8239452925759380,9.018640249717580,0.4638050739617870
527,0.12623230048476800,0.7383162785087740,8.648177570757990,0.3425647334480920
528,0.5119096582440150,0.8506431858580890,7.948816588964670,0.4847831846006350
529,0.001,0.3904430573929580,7.341864427052300,0.05201328566392500
530,0.02267271953082170,1.9174745976753300,8.320142164064560,0.8754189357754640
531,0.30837344101170300,1.0851626361077700,7.734065225533740,0.19793205318115600
532,0.001,3.437136108186130,9.096130767252850,5.025995690283830
533,0.21425905653840500,0.7405512534204250,8.795874381342270,0.21997303707680500
534,0.12182357509027800,2.265298075128540,8.923179603219680,1.4893430284326500
535,0.8160690617996300,0.05092309814091620,7.438675462638390,0.03143313076223490
536,0.045514692690163700,0.8049186628878340,7.582169306682070,0.33511115241035900
537,0.026460943698042300,0.8268396778447200,7.9016756184647900,0.31559378988561100
538,0.030669637461190600,0.4267122368798460,8.382969550339900,0.16671813250163600
539,1.1451191202032500,0.0817546469750542,9.453994122458440,0.011205689639090900
540,0.6946390209598310,0.1024342099495040,7.939615066066630,0.011270456586570800
541,0.001,1.3049008636815600,8.596873261634960,0.7284673695796190
542,0.001,0.3827743549048530,7.792941615026690,0.1125118301654350
543,0.5374758964866480,0.2031746811993540,8.618343549695280,0.05077753161674880
544,0.006184865306417980,0.10624782543530800,7.78209146436557,0.013643178322810700
545,1.0182686513504400,0.07767777516856990,8.10473223125327,0.010099064821294000
546,0.001,2.5657477020110900,8.143555043117010,0.5343056152043960
547,0.09652041184991000,1.419422506683590,8.743406833116710,4.479241287118430
548,0.6501981182073290,0.3840848329945060,9.139695207533150,0.3301699325340130
549,0.001,0.4513185046970440,7.382833537769610,0.12657776269179800
550,0.003841668345635600,1.9925473125849400,7.897520796686470,1.594628876399970
551,1.5579590831393300,0.08468444622181500,8.507977034297500,0.3756052293779190
552,2.7371687089961300,0.1349123113396900,10.398128594216900,0.010315621219392800
553,0.05140796571770780,0.36575373843319100,7.5954734911890800,0.10488356623105300
554,0.36975858250542100,0.41143282305176200,7.793148835456270,0.022209201844546000
555,1.868777328486110,0.06877354817691790,9.954741350113160,0.017000436753812900
556,0.08547874802763940,0.4348089804548930,8.569261406457770,0.2422268119580020
557,0.062238678765484400,0.4880039303002500,8.969736620503980,0.15216146324758900
558,0.001,0.7581323984969650,8.060548038712010,0.3144944484205710
559,0.08343591874808580,0.1895841128030990,8.056613199918610,0.03836270093552200
560,0.001,0.35366181207234700,7.797324934540030,0.01088454825630670
561,0.34788485038951100,0.7592240841253810,9.321413079725410,0.4182016304469000
562,0.04393647502067790,1.1916509095691900,8.197945524592100,1.0454439270808900
563,0.001,0.4893730150461230,7.979295808197740,0.18378109034938500
564,0.001,1.1500725426515700,8.654231090121900,2.6213317404155700
565,0.13499247767450800,0.4761820261645220,8.557905824747460,0.08515051235022770
566,0.23407516795917000,1.013087610623950,8.418576944397990,0.2434768337924990
567,0.001,0.42347362625867800,7.64956087330059,0.10085557406073000
568,0.6284523834049400,1.4772670816504200,9.594782034189810,0.9905344607323990
569,0.1116686006042870,4.037137232008540,8.86011055593758,6.221922794421650
570,0.003982659598340710,1.5016805195503300,9.212031173616170,1.3621968730403500
571,0.005091131676387310,0.9691616342979720,8.067413421691910,0.4513732004082180
572,0.4167089351553420,0.8117805908810130,8.727286229852830,0.2307801774142880
573,0.05503719772516520,0.16572619535401400,7.0882663777025100,0.16554525873126700
574,0.001,2.558951792926740,8.761856205106550,0.7731025432740940
575,0.001,0.07789849222426600,7.277405073297420,0.01037463581061210
576,0.5302743708411720,0.8051205159522340,9.399288932261340,0.0825671897187547
577,0.21284207215548900,0.34897928066074300,7.938857439800350,0.12761256130957000
578,0.001,0.6320663752801590,8.092156345404540,0.6070699725832860
579,0.07276551661322300,2.771188222177800,9.869726734112230,0.5771834036642390
580,0.20733460302136700,1.4085409125193700,8.338877382027,0.4710352562724940
581,0.2879229029590850,0.3069396715915120,8.018855488523840,0.2256254724453690
582,1.5450655293236900,0.3908879484222580,7.282275528373720,0.014449219104355900
583,0.1085778049509920,1.9263265608385000,8.274726302201650,1.4318935613467800
584,0.08766875151543370,0.5871186225150800,8.156958830987960,0.1840395704440060
585,0.001,0.4746857439103260,7.8887583489841200,0.1426443797420750
586,0.001,0.6743607719457240,7.569760043561500,0.19039169625372200
587,0.045204053629976900,0.27889410135753300,7.473853996579150,0.12512833876557900
588,0.10794883389224500,0.461338849745856,7.736018962908800,0.2143117846441630
589,1.222190345687890,0.16574130930275300,9.249149446304700,0.01106560524288650
590,0.04925661197165970,0.21811578947034600,7.426459997646940,0.12158223939898300
591,0.09694831642985030,4.720604303892420,8.800791811904780,0.9984819051356890
592,0.001,0.9504178110709350,8.012082448095510,0.4944946362530530
593,0.14282890775140300,0.5417652582997180,7.649689018884680,0.3531194179435630
594,0.001,0.22450288413799600,7.71618874253237,0.025614802435585800
595,0.001,2.6374938446230500,9.308033082662450,0.9027093653570930
596,0.001,0.3623287100106330,7.339540591441510,0.1401782814970230
597,0.7897622926752850,0.35197959953748900,8.359686693592900,0.027901922366327100
598,0.3511860383617230,1.3977317885949200,9.597801234203030,2.3224561672761000
599,0.001,3.0674413061823000,8.735528916604170,1.2056528876247200
600,1.1893810302053300,0.2276414494269960,8.21856673177736,0.934499821477628
601,0.3958729526870350,0.7681304576922000,8.174257431267760,0.11978453856682900
602,0.001,0.2697012991792440,7.8187224997489300,0.13968437753851100
603,0.001,0.059460718266981200,7.291976805470940,0.02527206759031420
604,0.22956662347432700,0.7450985610632000,8.622312202175500,0.2899796521308140
605,1.1084288968039200,0.5349215355425990,9.53327652633724,0.07336633072607050
606,0.7467878085913320,0.3481754509566310,8.79576486394549,0.16140985211136400
607,0.0736567608776751,1.0162249348513600,8.669997363513520,0.9356179764129750
608,0.02427679564778570,2.439798780553600,7.874220213522290,0.7372734666635980
609,0.001,0.3484642584805030,8.055156010868490,0.23209974465670800
610,0.32604494013470100,0.08073605955754470,7.596633169949020,0.010844659180684400
611,1.190125672068400,1.066041137567550,9.565066222178780,0.5906141666191480
612,0.28857238521799300,0.20337855411665400,8.846583352615070,0.09305099867569360
613,0.02542257042471730,2.081636416044590,9.637407519617270,1.0677826391916200
614,0.04524749259793780,1.7292045314341300,7.5590624118058800,8.243156103856110
615,0.001,0.4626431540800120,7.666052241135720,0.1775834559945340
616,0.001,1.2848669588449500,8.095236269091450,1.559238165361190
617,0.963346261300394,0.3044543559466820,7.680175201819140,0.10213664800787600
618,0.07599193401808530,0.3587227457261780,8.039425105461860,0.01284386075006680
619,0.028216416640879900,1.1176236705085100,8.397274801103440,0.1848773525814730
620,0.14677741509167800,0.167243407521607,7.214917686928330,0.057122079747959000
621,0.001,0.7822509494542720,8.328919231342380,0.17361700405859700
622,0.19580301564772100,0.6860108091376120,7.891026611585720,0.1417066420443880
623,0.001,0.6994871275356250,7.445342784732750,0.013837456574525100
624,0.029527646561991200,0.8611692174896040,8.154926995386360,2.19017314154572
625,0.5763460811088780,1.2142471556215500,10.614644829024700,0.05292452223601690
626,0.047504726664847800,0.762456137665536,7.943124421882710,0.18793182063098400
627,0.001,0.20495556198800600,8.415747459497290,0.1400286376427940
628,0.04207725789138150,0.4324776026239040,7.406421383508910,0.20773641797584900
629,0.6206499293063070,0.6683341471549950,8.061880170797650,0.3612603862859460
630,0.10324060522959600,0.3036330883903860,8.334237417646940,0.09179948150247020
631,0.4151582820456560,1.1461597744330300,9.091034645801330,0.3319838348802090
632,0.011283877429557900,0.6745032628092400,8.430182324060530,0.8196026954259360
633,0.06090820967931710,0.3750732057629770,8.301298771763170,0.18870141603775800
634,0.06961682097107280,1.9525751052637600,9.768547214189130,0.5368033909976400
635,0.07486784470832440,0.4445296406671020,7.579720084701610,8.712963134428910
636,0.3048783358025440,0.1336985021863850,7.4953517234142100,0.026559584720462900
637,0.001,0.31949619282283200,8.234958549561480,0.5594934519542560
638,0.01104734862640170,0.7178685514375740,9.097142990175090,0.3036850660274640
639,1.1351474248727800,0.12810500142290000,8.655023587149390,0.014774187307995400
640,0.06803203967245570,0.5141056894964890,8.001841733574720,0.18452921714868100
641,0.03874870109830640,0.050975787783426400,6.601553708732250,0.012001362848691800
642,0.2787639349096890,1.2051910291261700,9.270956483610580,1.1007329930392700
643,0.3638421346701570,1.0465112956465100,8.660452383471670,0.011293280338332200
644,0.001,2.0491737791405500,8.557236826293150,4.60998292587793
645,0.001,0.0972780762290826,7.474053828308550,0.03636951392582980
646,0.6617530433676640,0.3762308045303290,9.18592747356613,0.4403082627205240
647,0.001,0.403263734965896,7.399753386260830,0.061555965004443000
648,0.001,0.5654612183959780,7.943007096329760,0.2283064631542690
649,0.001,0.2543520901526170,7.111429213064,0.08535919994951510
650,0.3627792412777120,1.2488138141451300,9.121721809379610,0.3670266129656240
651,0.13866516581375000,0.941549257258102,7.827270745621420,0.30064160049844200
652,0.1501651416656120,1.6086127063902500,8.715000892791300,0.8247572644262840
653,0.001,1.3789920923748300,8.045160462108460,0.4735122428000110
654,0.001,0.2461024915349960,7.1586861732853900,0.10573719628836500
655,0.001,0.4279699454240740,7.676011339864960,0.15299860393844500
656,0.3113753447594340,1.6509597701285000,9.520900000024340,0.7086743603729090
657,2.4746492447714900,0.08713578599374220,10.559775266667800,0.013880550431408100
658,0.18390206418218000,1.1269183636610900,9.568175978590870,0.6201658178211470
659,0.07263214520757460,0.3372301999118680,8.64335764454475,0.07076292928675020
660,0.11928984703231900,0.420665024362204,7.715098999323300,0.35579691561133900
661,0.13829285769504800,0.1615731149396550,7.267572356309940,0.023301604840262100
662,0.001,0.4860238674540040,7.3649806056195300,0.2639558577825660
663,0.001,4.879981222109680,8.091283135208920,0.010075932815478900
664,0.23932341534720400,0.69970840491522,9.516730579754540,0.2297582410906430
665,0.5023022795211280,1.007295354161030,9.49904798316784,0.4889939498222970
666,0.001,1.4168639547842100,8.595698788505500,0.491782016071825
667,0.005501776231570930,1.4331783814447600,7.825195069486890,2.180576709247620
668,0.018264167679645800,0.108741141130101,7.427595288989500,0.01721797212114400
669,0.20656844950099400,0.5039635878855570,7.726712501684130,0.08034856595202290
670,0.11211133053360600,1.0378120357487300,7.707945636610020,1.3646161382593300
671,0.001,0.3941892327567000,8.184029096953660,0.1076440934663320
672,0.06380530483189110,0.5832019294471470,7.937990498197350,0.8850355649690040
673,0.06480627581866620,0.32151958870411500,9.010949486587350,0.09475113817139460
674,0.001,0.33288892977603400,7.552549153458490,0.09753412763054660
675,0.001,0.3337882826435160,8.107704054973880,0.19418932742510800
676,0.001,0.4225940204728550,7.816659172912750,0.1891405813877310
677,0.17578404064261900,1.6702867070108700,8.292117348134170,0.7107810316021310
678,0.05500678442319040,0.2992830172618030,7.701696711939550,0.13249254829594600
679,0.001,2.212072256536310,8.177863158919190,0.01751173839841810
680,0.001,0.6321958165557860,8.178880142757240,1.7494399559076800
681,0.19006875663496000,0.0933471587588542,7.875423453880300,0.021086774226809800
682,0.6425342795049560,0.21873460634419700,8.513317855244990,0.116800281584526
683,0.04688783174185340,2.085395752569170,7.984125597871460,2.5591468463891600
684,0.001,0.9592720586383450,8.699106485841250,0.6893061333133370
685,0.08404618369783570,1.3466451502167000,8.025280895183120,3.916022041547370
686,0.2680480955768570,0.5614942790358700,8.779944914865160,0.34790250410959700
687,0.001,1.1238595486001800,8.625775864000870,0.370771855257416
688,0.001,0.2932787030969290,8.009677984286850,0.16570496673264200
689,0.001,0.2519032753541430,8.008002358343220,0.17185057121203500
690,0.13530229593780500,1.1968513338505000,8.361487299216950,0.20905590986199600
691,0.09169451892623120,1.9473910234642800,8.957932312792410,0.3939324851329420
692,0.001,0.4237161222856080,7.556578914872070,0.3708471759459440
693,0.2714158990584610,0.8352964459235730,8.825852431257830,0.2635744608182590
694,0.13598768741720100,0.4447009514108970,7.337196225272660,0.16443764819058900
695,0.001,1.3571472746910900,8.3323812554855,0.6536119162525580
696,0.27688696871596100,0.9080322882450900,9.458434611052970,0.3992078471684880
697,0.053143263974602600,0.19630202777195900,8.482197288411680,0.04844502106439690
698,0.001,0.3752936178673780,7.246927600030050,0.19799659027491800
699,0.040689424622873900,1.9289521020806700,7.804061386464260,0.8013386013860850
700,0.0405879732701441,2.649980662870250,9.345971616350440,1.0202408589794400
701,0.001,0.5055692925069440,8.048857337128410,0.16764088740841200
702,0.40032402949141700,0.8570704834941330,10.299105826345300,0.12898436857465400
703,0.09057889052539170,1.1369075140148600,9.075517870303720,1.837658606237230
704,0.9584146802364250,1.7740979960228400,9.566099498726040,0.4847461938079180
705,0.4260884615810630,0.7559951959827100,9.3104582291642,0.6900991453629240
706,0.001,0.8840120805670090,8.846224597870620,0.3599209143258550
707,0.001,1.8775954551378000,8.775747317328760,0.7552853102669410
708,1.197275703161260,0.07733186013149130,9.748431208635170,0.010176055935843400
709,0.001,0.8742489961423430,8.133539210169730,0.5598175523191320
710,0.03521536695319570,0.3519571589239600,8.250762758521570,0.1549447571475510
711,0.001,0.25414433257661100,7.539677706830930,0.7916793866843700
712,0.17707480811938900,0.527613416681065,9.0769776284541,0.13762004331363600
713,0.001,2.086893468052480,8.593153272604610,8.104004538011040
714,0.001,1.4023742715562500,9.032283797526930,0.496303903016218
715,0.09218858750636760,0.20552110224195700,7.575624939034220,0.08373626060738820
716,0.5720712355516510,1.5589469120611700,10.736205637568800,0.17154993504693000
717,0.1519177326941040,1.188464665678130,8.758679974922360,0.1552892481120410
718,0.16265235350405800,0.10571643319451300,7.572194440474110,0.030824791194687600
719,0.9046617740394310,0.26767867644101600,9.559363456510600,0.1914964776928080
720,0.013638550957427400,0.918995266063874,8.195843764610360,0.7247841129683400
721,0.001,1.1109529498483900,8.37623162716707,0.5517824903963080
722,0.001,2.4875890155142200,8.3693007321187,1.4515718143362500
723,0.04521839572914920,0.8634661825870900,8.277515291731290,0.2670900522576810
724,0.001,0.6273809604229600,7.743859024191880,0.4816732824169880
725,0.001,4.041753331321540,8.38379292575179,0.011689164930041800
726,0.3136553408395830,0.20062719525455100,9.2306130002141,0.05815531480239230
727,0.001,0.2823875645438030,8.345815661628750,0.11374640135893100
728,0.1535950308488370,0.5154508863476410,7.707146544238490,0.2503964434851650
729,0.010306962500866900,1.1725922356844800,8.347948123066410,0.266442836159483
730,0.3130975193941950,0.35278028685892200,9.180179752676450,0.16753421203530200
731,0.6451284393919630,0.3734764675133560,8.320582992551900,0.0727264427752638
732,0.7051344679503950,0.7327765375676160,8.483550893258080,0.17814592678378600
733,0.011094525210138600,0.7495604576757590,7.969730643682640,0.24706017343693200
734,0.07135037131334980,1.6944689922680500,9.652757068542220,2.459698257378530
735,0.4032332975988830,0.4000037822431480,8.974145619615140,0.1535935576224230
736,0.001,0.41058895657529600,8.38862631662786,0.21144767068979600
737,0.24705732678089200,0.9375832681207120,9.21344105253162,0.5037715374671180
738,0.06729781379872570,0.3404433844916250,7.47417312744864,0.13646299051085100
739,0.09765682825750200,0.3170265687940850,8.042770825943870,0.09212055512334490
740,0.001,0.7176719386489700,7.914841468372950,0.3316309735529360
741,1.494174621703530,0.08922230009635560,8.51301878007556,0.37592431137377600
742,0.001,0.6423975238563010,7.80793119811882,0.023977890048486500
743,0.3709494943152050,0.38661711207385900,8.552014986664470,0.30434888716741600
744,0.023703829290238600,0.6556147378961160,8.160742206827580,0.17834209314051400
745,0.2054877558274760,0.4562022751767090,9.242012449247870,0.18048015423119700
746,0.001,1.589207202838980,8.497351871046200,0.8727464021883900
747,0.1646289637483460,2.527579614482720,8.320570142416630,0.0570082130783829
748,0.001,0.8781671538656810,8.646965381243880,0.4833951073139250
749,0.06403962695491700,1.7138747249876100,8.653730250625580,2.163054571914060
750,0.001,0.5079055932529140,7.626339592375100,0.10530399503842500
751,0.25177762058265200,0.797560587023176,9.624463012793070,0.20675199157460600
752,0.001,1.6595313864051500,8.068796400900050,0.5825157506214210
753,0.8468184348524760,0.08238438528319,8.343652307325920,0.010409033164152400
754,0.02030901830019710,0.3320270632634480,8.266054676488300,0.1678335109779520
755,0.0753882826054028,1.614975472950840,8.322192333705430,0.6518976661847220
756,0.001,0.8328370352784920,7.792281745284690,0.1151616447539190
757,0.001,0.23086104575193900,8.61224533119873,0.1793587942658680
758,0.0551081656116094,2.918705474201010,7.94971237504894,0.8730532345258410
759,0.18872748573077200,3.3913254716652500,9.219462468583490,0.5645165060536170
760,0.1607285581527520,0.3385688696222330,9.093987583566680,0.1212062506066950
761,0.001,0.7566013276974210,8.291409017364560,3.0543173816269600
762,0.08855100033360640,1.9671361504323900,8.866943829266040,0.914510772525144
763,1.2421971469528300,0.06670813266011740,8.187738550910630,0.02756074485628600
764,0.001,1.6203744753213500,9.374126854916900,0.4309080731748420
765,0.001,3.7852792786452700,9.099724605425740,1.7198660431076700
766,0.001,0.09646406155655690,7.6427372961888100,0.01289191444459760
767,0.0061370622615800100,0.17790727743571900,8.057746256476370,0.10404415173585900
768,0.14587794385641400,0.9938491706586470,8.329724215293120,0.3757736538694940
769,0.8160715306842370,0.19352755042398600,9.110346184339940,0.011244780623174900
770,0.7532543514592350,0.09625318399746870,9.455000583133270,0.01720846880879390
771,0.035575308904760400,1.2035402910417000,7.986190059142230,0.7974469318269880
772,0.02779354526100830,0.5222259276567420,8.637827468954950,0.2454529556845490
773,0.0286627019200556,3.0698835256047400,9.037362830916790,5.582347328707320
774,0.001,0.5144842581474300,8.017122954888830,0.2942999914365280
775,0.001,0.7347997434693770,8.136293847271550,0.3897181732034070
776,0.03706552729070800,0.20867332911434400,8.183571964184310,0.0896091540538893
777,0.5142896108651140,0.7365760565418260,8.387343523422990,3.5079749559664900
778,0.2955218572708430,0.5841452017464740,8.27775807919734,0.13440470333350700
779,0.001,1.4516540393386600,7.777898802318380,0.4323217514969840
780,0.8161570778949160,0.2967396818227050,8.383034327256840,9.90963286598362
781,0.1526945411156650,0.5672854830398930,8.743037752604370,0.3034528231999650
782,0.09910090521742040,0.840642445310615,6.9820060918621900,1.2349600199379100
783,0.19691550900837700,0.5932845987907940,7.810841576548710,0.5509286691725080
784,1.418673239964650,0.9455692963057070,10.473275710221,0.2138013702964890
785,0.03714954312071680,0.3022324060787580,8.177924788152330,0.09266847059522700
786,0.001,0.41703002685173100,8.323069699975980,0.08657367982026830
787,0.001,0.6608994850072290,8.418292317585030,0.2617354514416470
788,0.001,0.12598714757467700,8.300536605246280,0.0719087699323686
789,0.1370056901121730,1.2210606345336100,8.151438339876920,1.0229611240669100
790,0.14042231746285900,0.6708277119870660,8.482757642418900,0.9355360201160850
791,0.02666366016792540,0.947205023639884,8.314775732894350,0.4851396620507440
792,0.001,0.3728620426407740,7.819576712396470,0.12001284851523900
793,0.001,0.5906127781995640,8.07069238291811,0.4827240900228260
794,0.001,0.5168529011812230,7.739177917142090,0.16619739311962100
795,1.853762650629860,0.09897605473180540,10.514345288943700,0.01350384002467890
796,0.001,0.3672229390961720,8.238837254943300,0.2317141250500170
797,0.417148262881506,0.9524361167951540,10.588943327915500,0.09090513286582120
798,0.014645018710859800,0.13307354535942800,7.272220671166980,0.010166599231119800
799,0.020999319971135200,1.5842179192873800,8.74878322538631,0.3490375799625710
800,0.001,1.7832158681810000,8.207512695864190,0.06596060657024360
801,0.021287632656456100,2.5315561076117700,7.705120900793930,7.16538614974618
802,0.001,1.5919344411305,7.773010422876470,2.7890576500743400
803,0.001,3.5373645203256200,8.643261568296500,8.988738831520980
804,0.09963337380487160,0.3363719418470290,8.286742056205190,0.052257252992248500
805,0.07745260942135390,0.21856365102954100,7.4266579697002200,0.06480571828472760
806,0.001,0.7119646968611320,7.998185060977140,0.26358693510730400
807,0.001,1.8824645832789300,8.628606561443430,1.1713314422259200
808,0.001,0.5714191680441810,8.654936955627180,0.16018386288552300
809,0.5501863619099400,0.22250681503359800,8.76088577487587,0.0440453873308721
810,0.19112085178553300,1.3443301277804300,9.04819760217334,0.7050395321792350
811,0.024629382202749100,0.3261139938112440,7.967990637359320,0.168395415086725
812,0.4613555588898600,0.522302694526637,8.062710049921550,0.28517859959224400
813,0.7913655014419880,0.2544556461800080,9.009017087824210,0.01530282021397780
814,0.001,0.5597520209087380,8.053777965379840,0.12124840189130800
815,0.001,0.3120509701765560,7.997679481949250,0.09801892877604390
816,0.001,2.175143402298330,7.844760193232280,5.106403224736200
817,0.001,2.371747767322200,8.452643574494510,0.7880112594177370
818,0.11887183372509500,1.001382285564470,8.915721137476830,0.5969844194135840
819,0.1055043681426390,0.08095119146488970,7.299743084915510,0.010716066052313400
820,0.4264566482393920,1.438132070367640,9.86110071353374,9.528510577091700
821,0.5627626177189010,0.7076896620542730,8.135914443576340,0.08062542289061250
822,2.8333146151593100,0.08355009209736040,10.069337497021000,0.010012890616460200
823,0.008830189356403290,0.3798822361309920,7.403437104658460,0.054528585012589600
824,0.3907138092602740,2.7767389299460200,10.351287828691700,0.4453742704725100
825,0.11857544355023500,0.16840234067697000,9.383570498501040,0.05031075243901150
826,0.001,0.09709463892037480,8.61220182088153,0.011662502259560600
827,0.001,0.08658577186879110,7.4136801411821600,0.03631550631888640
828,0.001,0.9292178378536970,7.7069577790141600,0.05435477200682810
829,0.27187263599308700,0.8926406092943300,9.224544671633010,0.5048138000749920
830,0.001,2.5398391237478700,9.48259334691916,0.9877775934947530
831,0.001,0.4116154099805510,8.479795528557130,0.1235079309324880
832,0.024717368536835400,0.546412982040136,8.123368212228280,0.08788600554635610
833,0.001,0.982262907245562,7.6784407549463500,0.2971822740830910
834,0.004765014915524060,0.2315805980899440,7.65470588061522,0.09828677523477000
835,0.043200004304214800,0.5546743609805990,8.359740281980720,0.1182056426309730
836,0.13158725177126100,0.3054901720446900,8.084749119807100,0.13824314601305000
837,0.18974153529287000,1.2166814127360400,8.06001938311789,0.011763449620426000
838,0.14897821916334100,0.3721007729693350,7.332221371445820,0.460807252180786
839,0.05782845048120000,0.3292817551686690,7.460304978136870,0.13306354333250400
840,0.001,0.1110031820852230,6.552172948336060,0.012967766161836200
841,0.001,0.1067139932504960,6.74513489972033,0.011501467415817100
842,1.0333731136741000,0.6557022785982990,9.960346888172740,1.9863985029518900
843,0.001,0.9422413235619110,7.393098778411010,0.5693972008201050
844,0.001,0.3041887338475320,7.845891985496960,0.224399075458582
845,0.02489717489638740,0.4021134436209280,7.688388757855840,0.10367527776323300
846,0.001,1.2641364741678200,8.80245776808159,0.3360923312646890
847,0.6366825621755590,1.3739387163357700,9.807401028674150,0.3093681719308270
848,0.14831078722196100,0.1360608715050920,7.687602432060790,0.09701237323896980
849,0.06731424691070820,0.521890471446948,7.930040530484660,0.2649001419242710
850,0.14286898418494800,4.156940506921810,8.814117396215960,4.657727754580990
851,0.09318466218348330,0.5936229581572880,8.45730244254113,0.15083018469275800
852,0.001,0.6192139887709020,7.291106224253060,0.3429497696671170
853,0.0003875176646367440,0.3811837575041050,8.00581815892476,0.08967927430064710
854,1.5655220884188800,0.06203909783546390,8.636582732149790,0.23776825987235300
855,0.11327697005699200,0.3291634674173710,7.3255602519732000,0.17941630503663000
856,0.1412283632968510,1.5586634092958200,9.324943409635420,0.7083572515348170
857,0.03560137740180740,1.3693774174669800,7.73696844571289,0.3411181210154220
858,0.5524163254570890,0.3262454378232400,9.524890868314690,0.13023533808893000
859,0.27221032879463000,0.6702286409563820,8.218858229894760,0.1860309566116280
860,0.035247535414980000,0.8968494056640580,7.498060504740890,0.16763214586724100
861,0.0969596771265278,0.4622045458499690,7.914175830650490,0.14468416189768700
862,0.001,0.2699813094785270,7.3657536738244700,8.696198882647040
863,0.6341683795759740,1.83096776415317,10.46589847168940,0.4248876928667870
864,0.001,0.6353358121022060,7.254206923487720,0.1131578406865020
865,0.001,0.7186958399475660,7.983416913240970,0.2747288743578260
866,0.11793888343323200,1.8544280824613700,8.10248112069009,0.3771047575154620
867,0.001,0.5602165637265470,7.51018998889783,0.15108937176917600
868,0.001,0.08314278940479350,7.599964785186350,0.028597512087823800
869,0.033838578455126900,0.41818437689570900,8.378083511724470,0.3663348402479560
870,0.001,0.2773169732326680,7.550377316304380,0.10060014412661100
871,0.001,0.6750822904651920,8.359314293013920,0.2087684200430440
872,0.1365429514302610,1.1612178283872700,9.05777678589554,8.725338826708990
873,0.055893402978332300,0.7283832847492530,7.824171765016690,0.17451302613734200
874,0.17174273345572600,0.3958217371168810,7.6992372788582700,0.3594034556193750
875,0.09371571691155270,0.9063253477074220,8.717486457591930,0.5954486121981560
876,0.08767404984285690,0.3282429330373590,7.689298386027680,0.27136705558842800
877,0.031062486425215,1.0227047010259100,7.747883825845340,0.6352134434777280
878,0.001,0.5158505162337440,8.097904832166170,0.1475779181676120
879,0.3981644823369160,1.030217334612920,9.25660038613345,2.3276238525056800
880,0.2755414641350890,0.9263551443113690,8.708889710985280,0.2948994770428530
881,0.001,0.28252676406632400,8.354010682839100,0.11146189292625500
882,0.001,1.3540154986421000,8.618565036579580,1.1244771677647600
883,0.20360494204671200,1.126450194530400,8.202924368472550,1.1731475731732300
884,0.001,0.3480749787977550,7.657934972275960,0.21528556245507300
885,0.11199488164682100,0.592747285741658,8.57761913231845,0.31094783610025700
886,0.001,0.3437990442120970,8.21097192727358,0.14645007925136700
887,0.07411316234121480,1.1650560798227700,8.394122829580890,0.22045890763563900
888,0.07443536358641870,0.128616450830824,7.172007624581210,0.09806431217303480
889,0.0049945384020644900,1.1414746439919100,8.70279024592378,0.2791832330087880
890,0.001,0.5610905097059470,8.370663740039540,0.3460843557453290
891,0.3155425948144990,0.4437610760562260,7.792211448064200,0.054966123167680800
892,0.1847357407126870,0.30559160406701,7.712343606165470,0.25926411696925600
893,0.001,0.607518629486856,7.857224072720630,0.17353269744369000
894,0.15577903882108700,0.8543566000058950,9.281772429718470,1.3461858799512500
895,0.5601442074315240,0.4937658339148540,8.018859424411830,0.1023034489299350
896,0.006707917521524360,0.5326507773020280,7.5549979218890100,0.17759008978118100
897,0.028034969946802900,0.6311848439570040,7.633020839887950,0.2866875209089580
898,0.001,0.5268308074825650,7.8207612230377500,0.3366470321749030
899,0.08622989428653610,0.22334309125445600,7.854612690430300,0.08498745977113820
900,0.029396478366481800,0.5865480679303670,7.808671788652620,0.21651754218798800
901,0.9726778379837700,0.05120665738843770,9.899943333247210,0.010299887463669100
902,0.02203742073428280,1.3978355923494300,7.9666877401346500,0.10088701163315600
903,0.001,0.8763477014829370,8.070016977431630,0.3318148831040040
904,0.001,0.7837104470430680,7.7907369752653700,0.2958294269437970
905,0.001,0.3541579395092400,8.145721784818520,0.1354961615780160
906,0.001,1.2254417057332700,7.776527793034990,0.5399904354316840
907,0.07687025342396380,0.1486586307637830,7.4188426827718300,0.01663851843033970
908,0.011783890905823100,2.2731092066583400,9.40173340452966,0.953366301821264
909,0.5406362654065060,1.0856582618384400,8.557925700323240,0.5628798669402390
910,0.508759982108505,0.06771990290785640,7.651041960535460,0.010053748153993500
911,0.18384981433795,1.1386305560508100,9.3778604991949,0.3849130915668350
912,0.001,0.2903496366817070,7.885155920926660,0.1103661953668750
913,0.001,0.4080288118250860,8.567560321470150,0.09721454041798740
914,0.03155120692092830,0.8498122610675710,7.862256661021540,0.250787987751403
915,0.08086253169985950,0.3916408218532510,7.9050527948797100,0.0993323041892084
916,0.062187070126420400,0.4558965656530130,7.672356489516480,0.06588006345526930
917,0.001,0.9809454111329710,8.640167271588220,0.6805383640095610
918,0.11133520454313300,0.3309549096974880,8.547246954558210,0.13439041882969900
919,0.09748433599891190,0.4188547171050100,8.147045215113110,0.0983858579495681
920,0.001,1.998020326611480,7.408773456989430,1.7026016712260500
921,1.3118174567158800,0.19072319844847600,9.368607225789470,0.02231661835209170
922,0.09615329676701230,0.6091499781378950,8.199960837505770,0.3462124803615340
923,0.4785619559035000,0.32585875018291200,8.438984242652650,0.2731345644289750
924,0.08059685781222340,2.333891643579440,8.65638456318457,9.114849411577900
925,0.12796372441838400,0.5540819922516130,7.861373016640150,0.1949323006483410
926,0.001,0.9215809659814070,7.634876214855870,3.630831284997890
927,0.09101205734344140,1.1440475687499000,8.453477249415140,2.2416224339305400
928,0.001,0.08034480830240810,7.268080616322690,0.031826981087333000
929,0.0815592833394924,0.5339885465297900,7.9360801934628700,0.13149156616793800
930,0.2890093312489350,0.5507061664281080,8.483527088873700,0.20967539418699700
931,0.30072843749510900,0.6538420678388450,8.856439917066040,0.36001203424800400
932,0.001,0.37901022244722300,7.945888471823270,0.7505622700580710
933,0.3305273783682900,1.1118652222778700,9.022386709023210,0.4013622820586240
934,0.09832227311780280,4.275386168053190,8.661478031960180,5.757433568533960
935,0.08970645401431360,0.3012095560954840,7.851954609053660,0.10412353457225100
936,0.001,0.3897038464393830,7.503456262144100,0.09580523198351500
937,0.08823253520826590,4.272998939993620,8.109542715210520,2.5929671591808200
938,0.06541036234501680,0.3977766624977520,8.48322949639396,0.09356232307593400
939,0.06465707803100150,0.2087751013648120,7.662040220708330,0.062363527310960700
940,0.001,0.6901181680124220,7.459823788756690,0.6565300435424850
941,0.03488615837049540,0.3035415575296860,7.966738102498590,0.16183393726290200
942,0.729556874990048,0.09870178071790240,7.794271344099310,0.0649211667999607
943,0.0013348109955239400,0.5522674175679870,7.841038960148040,0.18424471987845400
944,0.02417704764964560,1.2584645339271300,8.548112153245090,0.8443139587481470
945,0.1855433979445630,0.08752068434153820,7.884692895740480,0.02365313350953490
946,0.33602679981785100,0.10703861717387900,7.487865654883950,0.02819002029117630
947,0.001,0.07220267829024090,6.62865073565468,0.011098560224570800
948,0.001,0.9991635943508450,7.61551977294857,0.2407269044332430
949,0.001,0.6789437406347010,7.633197967310470,0.4150244726321610
950,0.09953358698893750,1.8483624520213300,8.134717976640630,0.9850266978390630
951,0.06195731182306600,0.32671392783670600,7.4939342057438200,0.026905302713271600
952,0.7340719271851460,0.059759549865443200,9.429601838550570,0.010370110790914200
953,0.5091650294054150,1.0948512611565900,8.179978542141950,0.02364065867874650
954,0.1755298775496860,0.4666293361280620,7.986176434797620,0.2986608654355060
955,0.0591680242176215,1.054119541035780,8.27514697348683,0.8939772853950840
956,1.3152338028835200,0.2433144483593220,9.498358969118710,0.05961925944764580
957,0.001,0.6123406467780580,7.723944292480990,0.13793854408645600
958,0.07697005906896520,0.8205770941305580,8.792471717512140,0.19800140566613400
959,0.001,0.5362792716062940,7.991284809380350,0.34885638965593600
960,0.0034476682909618500,1.4909294632171000,7.917219489006090,0.4974829674346270
961,0.15581048620586500,0.4037194855492100,8.099637522483130,0.22731348679906400
962,0.06833432393332700,0.4572648120747830,8.799170755883430,0.7961564053737080
963,0.2661567584727740,0.21316484502865600,8.078436798565270,0.030127997571068700
964,0.001,0.08976564507353980,7.219864476000850,0.015980244778582000
965,0.13013182421322800,0.8645960131579180,8.362796504639390,0.2743236562683620
966,0.20467217704921200,0.34442498337100700,8.312879523625820,0.07728253643267330
967,0.001,0.4702379618773810,8.01250140699319,0.1170140213893400
968,0.001,1.3241699728754900,7.743667974621200,1.389230245728260
969,0.001,0.2567982921255030,7.698995464048060,0.046419729219463100
970,0.001,0.33332629514832500,7.871997935644710,0.1859135767609630
971,0.051020483467630000,0.6175594438686860,8.543542094038110,0.14134764335845400
972,0.6584369171401650,0.2024045653343610,7.69531058695501,0.06420149582254580
973,0.001,0.4973737406116210,8.271139100095410,0.15144551332621800
974,0.17394374367929400,0.3739525063441270,8.700607105653510,0.13684750160233600
975,0.8957013416716050,0.08635245993255050,9.741763731217230,0.02396027657496160
976,0.09267192628907160,0.41010884537554900,7.727840647427600,0.04459287589970310
977,0.9844025066606420,0.8322039274403220,8.769276405303180,0.24091539299341700
978,0.001,2.3470790507310300,7.899619598165070,0.11359269378299800
979,0.0573651884701479,1.1310077704915200,8.814888528554160,0.395283949283863
980,0.001,0.6573288123594340,7.749397058601950,0.1612023897835870
981,0.007393487790723450,0.8359825170035500,8.540899465532840,0.2192530255779240
982,0.2237891585546370,0.8241511190772550,8.758968225343010,0.27215717996474400
983,0.06550624387388810,0.539531403550613,8.357908393243870,0.10841542443155000
984,0.34593910222815800,0.3348474055746610,7.790232613700890,0.14099368670648500
985,2.0842911148187400,0.07025293509358770,10.64911916707610,0.010464988565055800
986,0.22932627090024400,1.2406640914694600,10.047913458883100,0.20696056892926400
987,0.7285267205714310,0.2765016518047500,9.539645469501930,0.12565156489148900
988,0.9473150374783820,0.443906658380688,7.791185494651330,0.3478594727825480
989,0.016790787570834100,0.6485709328519410,9.011247976760030,0.3782922316203000
990,0.001,0.16989013708058900,7.651111716949750,0.06393655583304400
991,0.001,0.5197096444908130,8.420501344101840,0.0992658225683428
992,0.1773798400454860,0.3859594960080610,7.955708993321020,0.17790321843348800
993,0.001,0.8547755212290780,7.390141415638260,0.9143252433385100
994,0.1317593703244900,0.8949521816446090,8.858568543630080,1.0972780214636000
995,0.32290518838563800,2.0182315277010300,8.987870343954720,2.0699163048753400
996,0.8707943730386650,0.07513383603097700,7.607796379135360,0.06284536071398010
997,0.001,0.8496398125233580,8.415094356770380,0.9186425782821580
998,0.2321632614147260,0.586723514482263,8.286424584286280,0.16827301926601200
999,0.4569837880209070,0.6122130392603940,8.276157478547620,3.5239734410065200